117-66-8129,Todd,Hamilton,,MN2 3OU,036 Larry Way,991-70-5333,Benjamin,Hamilton,bhamilton3h@twitter.com,MN2 3OU,036 Larry Way,0-(070)893-3322620-83-1546,Nancy,Campbell,ncampbell1@marriott.com,BC7 1LR,9 Nelson Plaza,5-(997)640-5104595-90-8809,Todd,Garcia,tgarcia3@macromedia.com,BZ1 9ZG,3433 Farwell Pass,9-(882)417-7531556-65-1110,Rachel,Turner,rturner4@wsj.com,BT1 2OL,07227 Carpenter Alley,3-(989)030-3439770-22-6561,Mildred,Kelly,mkelly5@symantec.com,BZ4 1YM,37 Union Circle,9-(184)752-7135627-79-5997,Stephen,Perez,sperez6@51.la,BZ1 3JX,207 Susan Pass,9-(450)223-5601801-38-9691,Denise,Rodriguez,drodriguez8@archive.org,BZ1 5LN,4477 Hanover Junction,2-(590)588-9793664-34-9245,Antonio,Washington,awashingtond@vinaora.com,BT1 2VK,9 Shasta Point,2-(766)829-0354506-14-4016,Nicholas,Mason,nmasone@unc.edu,BT7 0UY,86601 School Crossing,1-(279)890-0480513-35-3310,Lawrence,Warren,lwarrenf@google.cn,BT4 1WD,7 8th Plaza,2-(387)231-8439627-15-0737,Phillip,Myers,pmyersg@ocn.ne.jp,BC1 8NZ,31 West Plaza,8-(858)072-9317791-62-3536,Mary,Young,myoungk@earthlink.net,BC1 9XB,5 4th Parkway,8-(009)144-4406821-11-2735,Stephanie,Hughes,shughesm@php.net,BT1 9ZT,952 International Terrace,4-(120)613-7532838-11-7607,Pamela,Gibson,pgibsono@netvibes.com,BZ4 7HF,26 Messerschmidt Crossing,7-(476)009-0311484-37-1068,Paul,Nguyen,pnguyenq@prnewswire.com,BC1 7HI,658 North Circle,3-(292)025-2699529-97-6193,Gregory,Rodriguez,,BC7 5KI,3 Red Cloud Alley,581-26-5472,Louis,Parker,lparkert@sakura.ne.jp,BC1 7CW,1 Arapahoe Crossing,9-(659)123-3057797-43-7696,Sharon,White,swhitex@blog.com,BT1 1FB,3 Caliangt Road,7-(570)450-3614444-91-2379,Philip,Mason,pmason10@telegraph.co.uk,BC4 9GC,029 Sherman Lane,6-(679)431-1646666-57-8563,Anne,Nguyen,anguyen14@pagesperso-orange.fr,BT1 6KE,43 Grover Point,0-(608)989-7174686-68-0909,Mary,Peters,mpeters15@ted.com,BT7 5OQ,78 Bartillon Point,1-(914)504-2352699-67-1766,Louis,Rose,lrose19@t.co,BC1 0PI,1 Oak Court,4-(941)776-4000756-76-4958,Stephanie,Lynch,slynch1c@squidoo.com,BC1 6VW,85 Jana Crossing,7-(961)469-9557497-20-7808,Peter,Burns,pburns1f@wp.com,BT1 9CP,5821 Melby Circle,2-(809)918-0040801-08-0289,Sarah,Riley,,BZ7 2HE,0820 Scofield Alley,777-00-7153,Judith,Reyes,,BT7 0QY,01593 Forest Run Circle,456-46-1699,Diane,Cox,dcox1n@live.com,BC1 1RO,7739 Lerdahl Circle,2-(029)966-6535760-58-1758,Scott,Kelly,skelly1o@fema.gov,BC1 0GK,3 Susan Lane,1-(452)691-3232661-39-2243,Michael,Mason,mmason1t@ning.com,BC1 3PR,222 Oak Circle,2-(564)296-0667678-06-9352,Maria,Hughes,mhughes1w@so-net.ne.jp,XJ4 2OS,777 Vermont Center,1-(963)530-6466525-30-4448,Thomas,Harrison,tharrison1y@g.co,BC4 9SV,746 Ronald Regan Park,1-(073)741-4897585-92-9741,Craig,Gordon,cgordon21@discuz.net,BZ1 5GQ,3584 Hagan Street,1-(363)319-5228552-54-9978,Bobby,Thompson,bthompson23@netvibes.com,BC7 1XD,3 Golf Course Center,0-(403)215-3959641-55-5639,Brian,Austin,baustin25@huffingtonpost.com,BC7 1ZN,16 Westerfield Crossing,3-(480)070-3344638-96-9343,Lois,Hernandez,lhernandez26@hud.gov,BT4 2QT,732 Chive Alley,8-(637)421-1871555-44-2746,Lillian,Porter,lporter29@fotki.com,BC1 2YL,35 Corben Parkway,7-(243)275-1135442-54-3651,Dennis,Mcdonald,dmcdonald2a@reuters.com,BC7 8JH,8686 Namekagon Road,7-(228)141-6744586-76-9388,Gregory,Brown,,BC4 8UZ,43 Cody Junction,659-27-7887,Maria,Lewis,mlewis2d@wsj.com,BZ1 7JO,683 Holmberg Way,5-(395)541-9506795-37-7998,Irene,Collins,,BC4 1BJ,772 Maryland Place,766-98-1818,Carlos,Chavez,cchavez2j@blinklist.com,BC1 8XN,13306 Reindahl Way,7-(096)928-0871508-10-3584,Ashley,Bennett,abennett2n@furl.net,BC1 3TF,31764 Loftsgordon Point,7-(649)705-8557709-64-4352,Irene,Austin,iaustin2s@imdb.com,BZ7 6WD,1709 Pankratz Avenue,2-(693)573-1518640-26-0925,Sandra,Ruiz,sruiz2t@sourceforge.net,BC4 9UR,962 Little Fleur Junction,8-(795)014-1355589-69-0106,David,Mills,dmills2u@walmart.com,BZ1 2OS,711 Hanover Place,1-(651)511-7559520-24-8922,Melissa,Warren,mwarren30@fastcompany.com,BC1 9ZI,33 Vahlen Trail,1-(225)632-0130598-89-4448,Jerry,Fernandez,jfernandez32@vinaora.com,BC7 9WO,464 Kingsford Alley,9-(213)214-3672577-47-4459,Harry,Garrett,hgarrett35@mac.com,BC1 2GA,98 Mendota Drive,7-(118)349-1612709-43-8302,Eugene,Ferguson,,BZ1 4UP,318 Marquette Junction,630-78-2095,Stephen,Lee,slee37@networkadvertising.org,BC4 5FQ,712 Pennsylvania Way,2-(847)452-0540819-35-6503,Kathleen,Rogers,krogers38@prlog.org,BC4 6OB,04 6th Court,6-(404)077-2576774-09-5550,George,Grant,ggrant39@ifeng.com,BT4 6WK,51972 Gateway Way,8-(366)537-8639606-92-8035,Timothy,Garza,tgarza3a@amazon.co.jp,BT1 4TS,36411 Starling Court,7-(330)155-5810493-92-1993,Gary,Lane,glane3c@networkadvertising.org,BC4 3RD,120 Loomis Circle,0-(582)918-0385689-65-9692,Douglas,Cole,dcole3e@fda.gov,BC4 8AT,9873 Badeau Road,7-(727)924-9245554-93-4466,Ashley,Robertson,arobertson3f@sun.com,BT1 2DZ,151 Bay Parkway,7-(694)665-2511633-71-2217,Paul,Arnold,parnold3g@pcworld.com,BC7 4CL,78 Loftsgordon Street,0-(649)542-7430660-62-5107,Philip,Scott,pscott3i@rakuten.co.jp,BT1 0BL,56 Lillian Avenue,4-(505)836-4144675-57-0293,Linda,Baker,lbaker3m@jiathis.com,BT1 0PU,332 Merry Park,0-(000)061-7690785-79-1645,Rebecca,Long,rlong3q@photobucket.com,BT4 9DZ,35 Duke Terrace,5-(952)765-8558825-47-6075,Juan,King,jking3s@cocolog-nifty.com,BZ7 0OQ,2828 Anhalt Terrace,7-(151)166-1074529-47-8404,Jeremy,Barnes,jbarnes3t@latimes.com,BT1 2HA,676 Hanson Road,6-(275)624-6945458-11-9205,Richard,Green,rgreen3v@latimes.com,BT7 1HL,43 Schlimgen Way,8-(198)983-1794502-01-4060,Barbara,Torres,btorres3w@state.tx.us,BC4 9KW,02834 Park Meadow Terrace,4-(154)863-2867673-28-6979,Rose,Crawford,rcrawford3y@wunderground.com,BT7 6YE,97 6th Parkway,6-(043)667-8450761-47-7037,Christine,Brown,cbrown41@yellowbook.com,BT1 9PJ,89228 Delladonna Hill,0-(856)456-7561481-52-1716,James,Knight,,BZ7 5ZI,35233 Ridgeway Road,649-53-9893,Wanda,Webb,wwebb44@yellowpages.com,BZ4 0CB,13027 Continental Terrace,2-(549)625-8908773-64-9939,Kevin,Hawkins,khawkins45@booking.com,BT1 2DA,81152 Stuart Terrace,4-(414)576-2016695-36-0203,Jennifer,Gray,jgray4b@senate.gov,BZ1 3CP,87814 Sullivan Center,8-(689)151-8054534-70-7883,Lawrence,Stephens,lstephens4f@sciencedaily.com,BZ1 9RK,42846 Bobwhite Court,8-(620)398-1651707-08-4356,Jessica,Dunn,jdunn4j@icio.us,BT1 7AB,65049 Haas Hill,4-(149)887-3293552-99-8341,Sandra,Payne,spayne4m@ow.ly,BC7 1KH,77388 Riverside Center,9-(243)847-6586625-92-4356,Philip,Welch,pwelch4p@ezinearticles.com,BZ7 7JL,11016 Cascade Park,8-(724)082-8314484-38-1830,Evelyn,Wood,ewood4q@ftc.gov,BC1 8ZK,360 Sauthoff Drive,4-(026)761-9003535-67-6237,Ryan,Castillo,rcastillo4r@1688.com,BC1 0CD,5830 Prairieview Avenue,7-(757)503-7831611-48-1839,Heather,Howard,hhoward4y@diigo.com,BZ4 6GA,101 Briar Crest Circle,4-(748)672-4849591-90-2791,Janice,Coleman,jcoleman53@infoseek.co.jp,BZ1 3NM,07675 Mockingbird Crossing,0-(711)302-8090596-61-3861,Carl,Hayes,chayes54@census.gov,BZ1 2TR,5 Warner Road,4-(016)610-9027799-52-5205,Richard,Hanson,rhanson55@japanpost.jp,BT1 4WT,362 Mockingbird Terrace,9-(308)627-0220450-68-4090,Rebecca,Lee,rlee56@ifeng.com,BC1 4TV,4782 Crescent Oaks Place,7-(662)391-8480606-54-1149,Richard,Franklin,,BC1 4YJ,1 Weeping Birch Park,504-30-7137,Daniel,Moreno,dmoreno5b@photobucket.com,BC7 1EC,47829 Toban Court,3-(947)657-8946827-46-6267,Nicholas,Woods,nwoods5d@myspace.com,BC4 2PT,07561 Canary Drive,6-(867)621-6529792-88-0162,William,Lawrence,wlawrence5f@livejournal.com,BZ1 6SR,7576 Memorial Drive,2-(758)193-0970683-87-3766,Harry,Sims,hsims5h@ted.com,BC4 5OE,8072 Fieldstone Plaza,7-(081)649-1980689-85-2810,Nicholas,Watson,nwatson5i@eepurl.com,BZ1 7FT,81 Susan Park,0-(859)960-0588520-74-1446,Evelyn,Chavez,,BZ1 9RA,4 Eagan Lane,695-46-9632,Rachel,Bradley,rbradley5o@auda.org.au,BC4 9XB,7533 Butterfield Circle,6-(547)570-3861585-01-6112,Kelly,Robertson,krobertson5p@sciencedirect.com,BZ7 2JP,81 Arrowood Parkway,2-(570)195-5294576-99-9244,Ann,Fox,afox5q@bbc.co.uk,BZ1 1IX,0941 Crownhardt Road,9-(481)398-3676452-95-4283,Raymond,Williamson,rwilliamson5t@sphinn.com,BC1 0IX,28 Corben Parkway,5-(919)291-7860545-33-7212,Rose,Parker,rparker5u@twitpic.com,BC4 5JL,8908 Florence Plaza,7-(492)933-2044444-08-9581,Sharon,Thompson,sthompson5v@economist.com,BC1 4ZG,108 Old Shore Point,0-(934)666-0489456-41-9569,Patricia,Elliott,pelliott61@cbsnews.com,BZ7 2UI,94535 Heffernan Street,4-(855)748-1146673-07-4750,Peter,Knight,,BC1 2XR,24476 Village Green Place,505-69-9935,Larry,Turner,lturner68@ning.com,BT4 7WV,5852 Colorado Center,1-(787)495-0653690-09-2036,Phyllis,Murray,pmurray69@pbs.org,BZ4 5RH,787 Hollow Ridge Street,3-(798)782-2037679-66-9286,Joshua,Black,jblack6a@amazon.de,BC1 6QM,97967 Sunbrook Road,9-(277)720-3149543-43-9738,Wanda,Weaver,wweaver6b@theguardian.com,BC4 1BF,56693 Lukken Road,9-(472)628-7162816-84-2237,Patrick,Sanders,psanders6c@oracle.com,BZ1 7NO,7 Fordem Plaza,2-(436)259-5580436-67-3063,Shirley,Bryant,,BT1 6AF,0941 Sachs Park,568-22-7686,Rachel,Hunter,rhunter6m@xing.com,BC1 3MI,6049 Crescent Oaks Junction,5-(711)674-4929658-56-4620,Diane,Wagner,dwagner6p@w3.org,BC7 1KC,702 Stoughton Way,2-(913)870-1764647-19-8518,Judith,Moore,jmoore6q@icio.us,BT1 9PG,4474 Lillian Terrace,8-(680)392-4596528-85-4153,Bonnie,Robinson,brobinson6v@shutterfly.com,BC1 3KB,45306 Cambridge Point,2-(266)815-6131620-85-3606,Brenda,West,bwest6y@deviantart.com,BC4 9OA,35108 Waywood Drive,6-(295)771-1179706-24-9599,Henry,Coleman,hcoleman73@e-recht24.de,BZ1 6XT,853 Hermina Trail,4-(851)025-3179534-62-8298,Jennifer,Rogers,jrogers74@mayoclinic.com,BC7 9FQ,1870 New Castle Circle,9-(196)734-8712434-76-7869,Kelly,Peterson,kpeterson76@tinyurl.com,BT7 4IX,77 Welch Drive,9-(033)345-4193780-64-7865,Julie,Moreno,jmoreno77@fotki.com,BT1 7MP,6038 Eagle Crest Point,2-(085)940-9387600-92-0796,Philip,Ford,,BT1 0SH,71 Lotheville Road,822-58-3710,Jeffrey,Lewis,jlewis7c@answers.com,BC7 6UR,42391 Truax Street,4-(962)368-0599439-13-7582,Eric,Black,eblack7f@state.tx.us,BC1 6TQ,76363 Lukken Parkway,1-(373)787-1267820-53-4909,Cynthia,Foster,cfoster7g@springer.com,BC1 0ON,31 Mayer Road,2-(716)295-6678692-38-3827,Dennis,Ford,dford7h@skype.com,BC1 6TB,6 Shoshone Junction,7-(311)870-7728531-09-1058,Alice,Mcdonald,amcdonald7l@ebay.com,BT7 2KP,77055 Eliot Terrace,3-(621)004-4051803-26-5349,Jonathan,Murphy,jmurphy7m@tinypic.com,BC1 7BW,92856 Sage Junction,5-(599)359-1376824-65-1090,Randy,Edwards,redwards7o@wordpress.com,BC1 6KU,0364 Portage Court,1-(841)295-6536632-68-0917,Anne,Rice,,BC1 1BS,66 Hazelcrest Terrace,641-52-2437,Johnny,Fox,jfox7v@imdb.com,BZ1 1XR,53 Oriole Lane,1-(667)848-4942775-75-2532,Philip,Gardner,pgardner7x@feedburner.com,BT4 2XA,1 Prairie Rose Point,4-(491)687-5329784-43-0212,Karen,Evans,kevans7z@mtv.com,BZ7 5GP,5 North Street,3-(255)675-6727765-24-1639,Amy,Watson,awatson82@histats.com,BC1 2FI,3 East Place,7-(432)969-1962438-07-5350,Amanda,Cooper,acooper84@a8.net,BT1 8JF,3284 Pennsylvania Way,6-(438)031-8267778-24-6852,Brenda,Edwards,bedwards8a@ihg.com,BT1 2PL,937 Summit Hill,4-(881)045-9208632-58-9372,Patricia,Mcdonald,pmcdonald8c@tripod.com,BT1 9IT,9 Hauk Court,6-(712)156-4394447-68-8669,Douglas,Martin,dmartin8d@imgur.com,BZ7 2KB,73849 Alpine Trail,7-(434)993-0161507-22-5331,Judith,Rodriguez,jrodriguez8h@ning.com,BC4 6LO,38 Spenser Street,1-(569)838-5131576-82-7408,Bruce,Baker,bbaker8i@furl.net,BC1 0JW,9 Westridge Place,9-(488)105-0765577-08-1339,Phillip,Carr,pcarr8n@latimes.com,BC4 4YP,477 Sunfield Road,4-(086)986-8607596-71-0231,Norma,Hernandez,nhernandez8o@angelfire.com,BC1 9QY,9 School Court,4-(724)466-2820537-27-1654,Rose,Ortiz,rortiz8s@artisteer.com,BC7 9IZ,36 Bluejay Trail,1-(247)773-0788490-89-5771,Scott,Austin,saustin8t@admin.ch,BC1 7JP,592 Talmadge Hill,9-(209)549-2917612-83-6356,Anne,Rice,arice8u@amazon.co.jp,BC1 3MF,355 Stang Junction,2-(452)394-7555560-44-9582,Margaret,Cruz,mcruz8w@gov.uk,BZ1 0JB,159 Marcy Hill,4-(098)075-2512680-41-2384,Gary,Hawkins,,BC7 9IE,4 Thompson Road,800-78-8581,Justin,Arnold,jarnold90@elpais.com,BT7 8TD,1 Grasskamp Hill,6-(674)667-9614520-50-0673,Donna,Jordan,djordan92@salon.com,BC1 0OC,6674 Nelson Drive,1-(727)743-0231773-71-9737,Mary,Gonzales,,BC1 0YG,53917 Pepper Wood Crossing,569-73-6017,Matthew,Phillips,mphillips96@zdnet.com,BC4 0KG,6486 Buell Crossing,7-(306)084-4178575-05-6519,Annie,George,ageorge99@sourceforge.net,BZ7 4TV,113 Kenwood Point,4-(223)417-6164680-93-7668,Bobby,Russell,brussell9e@fema.gov,BC7 0DK,64 Talisman Drive,5-(859)810-7394609-34-3409,Carl,Matthews,cmatthews9i@google.com.br,BC1 0SN,20062 Daystar Point,5-(311)701-9565834-40-2242,Jonathan,Russell,jrussell9j@cmu.edu,BZ7 7LR,82835 Starling Drive,3-(799)803-9159626-48-1142,Rachel,Fuller,rfuller9l@geocities.jp,BC7 4VC,1517 Logan Point,2-(642)289-4078763-27-9872,William,Dixon,wdixon9o@usa.gov,BZ4 0FW,79925 Grasskamp Drive,9-(016)868-6919446-36-0249,Billy,Bailey,bbailey9p@symantec.com,BC4 0DQ,419 Norway Maple Alley,4-(333)395-3544438-49-1893,Justin,Payne,jpayne9q@globo.com,BZ7 1JX,3584 Almo Junction,4-(012)173-2785814-78-4935,Carolyn,Hawkins,chawkins9t@ovh.net,BC1 9AV,90158 Sutherland Crossing,2-(878)286-4287710-72-8214,Frank,Taylor,ftaylor9u@blogs.com,BT1 1GB,2901 Florence Trail,9-(596)676-9505673-48-8212,Barbara,Moreno,bmorenoa3@cnbc.com,BC1 4ZW,0582 Pearson Pass,9-(150)210-0568463-00-8389,Roy,Pierce,rpiercea6@google.fr,BC7 0IM,55896 Garrison Terrace,4-(802)067-7081600-92-0643,Michelle,Patterson,mpattersona7@infoseek.co.jp,BC1 6GD,1540 Evergreen Way,2-(362)925-2397837-88-3558,Christine,Castillo,ccastilloaf@blogspot.com,BZ1 8VY,0 Everett Road,4-(383)272-6839431-33-8884,John,Weaver,jweaverai@usatoday.com,BZ4 0QC,6801 Donald Plaza,7-(263)287-1140651-47-1970,Christine,Carpenter,ccarpenteraj@wikispaces.com,BZ1 9MU,72 Glendale Place,3-(148)156-8558690-37-4924,Cynthia,Knight,cknightam@shareasale.com,BZ1 0OV,1 Gateway Pass,4-(764)713-1290446-63-4367,Jennifer,Jacobs,jjacobsan@storify.com,BC1 9PU,357 Esch Lane,8-(219)370-0155556-15-9637,Angela,Mccoy,amccoyao@disqus.com,BT7 1SP,1 Larry Court,0-(807)194-4140784-14-7719,Louis,Tucker,ltuckerap@example.com,BC1 9KX,1178 Waubesa Center,5-(606)104-0382821-24-9412,Johnny,Garza,jgarzaaq@intel.com,BT1 8QP,228 Dapin Terrace,2-(209)927-6600510-39-9110,Eric,Gutierrez,egutierrezat@elegantthemes.com,BC1 5OG,7404 Stone Corner Hill,6-(073)168-9729699-85-1673,Norma,Payne,npayneau@craigslist.org,BT7 1PM,75 Barby Circle,9-(170)612-4644576-60-7800,Julia,Reid,jreidav@photobucket.com,BT1 2HR,25385 Texas Avenue,5-(346)209-5511759-01-0406,Billy,Boyd,bboydax@skyrock.com,BC1 0HS,4488 Hoepker Alley,4-(470)324-6858534-57-0755,Ralph,Cruz,rcruzaz@prlog.org,BC1 6XF,51 Del Sol Street,8-(114)151-1039653-64-4372,Jennifer,Murray,jmurrayb3@usgs.gov,BC4 3SQ,8 Straubel Way,4-(535)289-4062691-51-9612,Lois,Larson,llarsonb5@bloglines.com,BC1 5JR,5 Ridgeway Center,9-(784)116-2098674-92-1788,Jacqueline,Holmes,jholmesb6@ebay.co.uk,BT1 9LB,6342 Pearson Center,0-(377)507-0388821-35-7665,Stephen,Burke,sburkeb9@prlog.org,BZ4 3YJ,86 Aberg Place,2-(171)507-3387508-75-5974,Joseph,Rogers,jrogersbb@multiply.com,BC4 1ZW,49 Kennedy Way,2-(081)835-1494744-46-9190,Judith,Fernandez,jfernandezbc@newyorker.com,BC1 2ZT,51632 Grayhawk Circle,0-(521)287-3218455-19-0708,Amanda,Robertson,arobertsonbd@liveinternet.ru,BZ4 6XF,7772 Quincy Lane,1-(295)989-6911552-42-2675,Lillian,Franklin,lfranklinbe@ask.com,BC1 1JK,66870 Columbus Avenue,7-(148)945-2259615-88-9385,Wanda,Graham,,BT7 3YO,8343 Westerfield Junction,804-54-6976,Anne,Freeman,afreemanbg@home.pl,BC1 2UN,4 Corry Lane,8-(108)735-5670428-68-7549,Gregory,Hall,,BC4 8EF,78759 Warrior Drive,660-53-6807,Joyce,Burke,jburkebk@biblegateway.com,BC1 2VD,35152 Northland Alley,5-(070)932-9310679-81-5309,Gary,Vasquez,gvasquezbm@sitemeter.com,BC4 2GV,2 Heath Center,2-(111)124-5323649-24-1018,Maria,Rivera,mriverabo@jalbum.net,BC1 7RI,726 Utah Avenue,3-(063)820-9132681-29-5922,Daniel,Stanley,dstanleybu@about.me,BZ7 8BS,993 Northland Crossing,5-(912)070-5400430-16-3985,Harold,Robertson,hrobertsonbv@feedburner.com,BT1 2MR,99223 Caliangt Place,9-(726)948-9585820-74-9970,Charles,Alexander,calexanderbw@clickbank.net,BC4 1SZ,0281 Victoria Point,0-(812)878-4953659-67-2728,Norma,Hansen,nhansenbx@e-recht24.de,BC4 0ZW,6731 Debs Point,1-(320)476-0733538-52-3401,Mildred,Spencer,mspencerc1@phoca.cz,BZ4 4PX,1 La Follette Terrace,7-(762)914-3230436-38-3179,Richard,Coleman,rcolemanc5@qq.com,BC1 7SL,952 Oneill Hill,9-(074)489-3512687-34-2480,Elizabeth,Anderson,eandersonc8@yahoo.co.jp,BZ7 2FS,489 Ruskin Crossing,7-(995)917-0996699-06-8530,Heather,Patterson,hpattersoncb@ovh.net,BT1 0ML,3518 Dwight Junction,2-(715)319-3579468-82-3915,Fred,Williamson,fwilliamsoncc@washingtonpost.com,BC1 3AP,7 Namekagon Street,6-(513)403-4733806-49-7942,Howard,Day,hdaycf@feedburner.com,BC1 3ZX,32838 Russell Center,3-(156)853-6891503-57-3996,William,Perez,wperezcg@jiathis.com,BC7 0OW,4960 Kinsman Hill,2-(984)189-5300662-28-8348,Richard,Nichols,rnicholsch@yolasite.com,BZ4 5TP,5 Menomonie Crossing,3-(517)762-4129831-20-7307,Phillip,Edwards,,BC7 6TJ,9863 Eastlawn Crossing,692-42-9948,Antonio,Hernandez,ahernandezcn@paginegialle.it,BC1 7NS,669 Drewry Trail,6-(589)777-9400786-70-5968,Ruby,Reynolds,rreynoldsco@gravatar.com,BC7 0BX,8 Kedzie Street,6-(849)547-4424800-46-2184,Andrea,George,ageorgecp@telegraph.co.uk,BT1 0MV,09304 Transport Center,4-(990)503-4351483-40-6408,Jimmy,Ford,jfordcr@bigcartel.com,BC1 8NG,8244 Bunker Hill Terrace,3-(285)553-8319694-81-0546,Denise,Butler,dbutlercs@amazonaws.com,BT1 9MO,01663 Rutledge Alley,3-(687)257-9759475-65-9761,Harold,Walker,,BC1 1PM,9 Namekagon Drive,646-37-8429,Nancy,Fuller,,BC1 2FV,89770 Bluestem Parkway,613-15-7837,Kelly,Franklin,kfranklincy@purevolume.com,CD1 4BZ,9542 7th Street,2-(690)527-5551694-00-4113,Larry,Hunter,lhuntercz@apache.org,DE8 9TD,4 David Street,5-(361)823-2366760-95-8112,Norma,Jackson,njacksond6@huffingtonpost.com,RV2 9WH,0393 Florence Center,9-(679)069-8265817-89-6264,Dennis,Bradley,dbradleyd8@sogou.com,JU1 7MB,749 Orin Parkway,3-(246)177-0272502-24-6207,Victor,Armstrong,varmstrongdd@cbslocal.com,MJ1 4AC,78 Moulton Center,7-(117)727-7019821-53-7430,Marilyn,Johnston,mjohnstondj@craigslist.org,OW4 1XD,4909 Steensland Terrace,6-(268)270-5991517-87-6459,Frances,Sullivan,fsullivandl@eepurl.com,XW2 6DH,0 Hovde Plaza,9-(905)546-2174436-61-3192,Rebecca,Warren,rwarrendn@slashdot.org,XJ9 3QB,0 Cascade Street,1-(964)553-3066696-28-4220,Linda,Boyd,lboydds@paypal.com,LR8 7AM,625 Huxley Road,3-(065)802-7791563-60-8705,Jessica,Foster,jfosterdt@berkeley.edu,TB7 6DQ,755 Banding Trail,5-(935)580-6582537-30-3032,Melissa,Gibson,mgibsondu@msn.com,JW3 3WE,4 Barnett Alley,8-(342)965-3747548-59-5017,Kimberly,Alexander,kalexanderak@wsj.com,XJ4 4FD,82 Johnson Court,1-(450)380-6779856-03-3848,Betty,Kennedy,bkennedy4a@nationalgeographic.com,EW3 2EN,811 Oak Terrace,5-(611)968-7309274-27-6513,Donna,Frazier,dfrazier80@dagondesign.com,EW3 2EN,811 Oak Terrace,5-(449)787-7138888-09-8856,Gloria,Day,,BS2 6BU,81 Blaine Alley,243-46-3035,Emily,Williamson,ewilliamson6e@stanford.edu,BS2 6BU,81 Blaine Alley,8-(118)659-9226839-36-4360,Cheryl,Ross,cross65@cbc.ca,CO9 5GE,618 Mcguire Alley,9-(228)769-6276298-33-3046,William,Nguyen,wnguyen7i@reference.com,CO9 5GE,618 Mcguire Alley,1-(883)950-8345871-98-0966,Mark,Fisher,,FY5 5RO,8869 Melody Crossing,260-71-8148,Scott,Taylor,staylor16@loc.gov,FY5 5RO,8869 Melody Crossing,2-(753)732-6489910-33-1979,Virginia,Allen,vallen9v@reuters.com,QA3 6LW,7131 Oneill Plaza,6-(957)226-3476213-32-1448,Dorothy,Hall,dhall4v@wiley.com,QA3 6LW,7131 Oneill Plaza,0-(008)297-1581842-04-5706,Ruth,Hansen,rhansen9a@ycombinator.com,NU6 6YD,30 John Wall Drive,1-(986)948-3891291-79-2723,Kathy,Harper,kharper5z@bloglovin.com,NU6 6YD,30 John Wall Drive,4-(246)799-5040859-81-0332,Carlos,Black,cblack5k@nasa.gov,DO2 7KT,646 Monument Lane,8-(555)485-3508270-75-5897,Catherine,White,cwhite8k@nasa.gov,DO2 7KT,646 Monument Lane,7-(084)502-0279859-40-9947,Kimberly,Wood,kwood5m@naver.com,YU2 4BN,21 Carioca Park,9-(984)524-5395271-78-8919,Arthur,Willis,awillis9r@boston.com,YU2 4BN,21 Carioca Park,5-(970)906-7849872-88-7149,Martin,Daniels,mdaniels63@paypal.com,XT9 4NE,6 Elmside Terrace,3-(391)773-5694258-98-0727,Mary,Murray,mmurrayd1@independent.co.uk,XT9 4NE,6 Elmside Terrace,6-(703)886-7830917-80-4656,Sean,Myers,smyersas@google.com,HJ1 7QE,95 Declaration Road,9-(783)908-4945205-52-5697,Ernest,Clark,eclark1u@4shared.com,HJ1 7QE,95 Declaration Road,8-(269)196-7430874-32-9427,Karen,Richardson,,OI4 3WY,096 Gina Road,253-58-9660,Jerry,Johnston,jjohnstonc@redcross.org,OI4 3WY,096 Gina Road,9-(777)035-6240853-69-5350,Brandon,Martin,bmartin6f@bing.com,MV6 1CI,3 Meadow Vale Crossing,9-(721)729-4724276-19-9235,Amy,Bailey,abailey4o@springer.com,MV6 1CI,3 Meadow Vale Crossing,6-(655)850-8317879-22-8665,Raymond,Walker,,CR6 5QA,2 Becker Point,250-75-5238,Kathleen,Peters,kpetersdo@sourceforge.net,CR6 5QA,2 Becker Point,8-(510)694-5991900-41-3309,Diana,Murray,dmurray2p@phoca.cz,HK7 7RE,0525 Florence Way,8-(994)862-7800218-31-0921,Kathy,Wheeler,kwheelera8@qq.com,HK7 7RE,0525 Florence Way,9-(879)321-8806881-20-2396,Alan,Ward,awarddi@youku.com,LP7 4XM,192 Manley Place,5-(497)911-2772249-54-6589,Jack,Powell,jpowell72@npr.org,LP7 4XM,192 Manley Place,1-(179)787-6778858-54-4075,Jeffrey,Campbell,jcampbell1p@drupal.org,WH3 4LS,3 Schiller Drive,1-(001)537-6718272-95-2412,Gloria,Owens,gowens20@netlog.com,WH3 4LS,3 Schiller Drive,1-(812)616-3313843-95-9006,Jane,Woods,jwoods22@delicious.com,SY7 1KU,1139 Manley Plaza,3-(596)340-0868289-76-4820,Mark,Jackson,mjackson8l@examiner.com,SY7 1KU,1139 Manley Plaza,2-(515)298-7390852-52-0933,Alan,Hicks,ahicks5e@umn.edu,EM3 9MF,763 Linden Hill,5-(210)690-9847280-97-6061,Joan,Crawford,jcrawford4t@facebook.com,EM3 9MF,763 Linden Hill,5-(654)407-6233899-42-6637,James,Hudson,jhudsond0@bbc.co.uk,BJ4 8QY,980 Shelley Court,4-(668)205-0286219-06-7487,Henry,Palmer,,BJ4 8QY,980 Shelley Court,884-33-9676,Phillip,Perry,pperry4d@goo.ne.jp,LD5 9AP,9 Del Sol Terrace,0-(106)592-7420245-63-7539,Peter,Bryant,pbryantct@walmart.com,LD5 9AP,9 Del Sol Terrace,6-(184)813-2011838-45-9343,Deborah,Ford,dford8e@yandex.ru,ZW0 5YT,85 Fulton Crossing,5-(607)134-1574298-36-6290,Jonathan,Hunt,jhuntci@acquirethisname.com,ZW0 5YT,85 Fulton Crossing,2-(527)185-1019915-75-5600,Harry,Lopez,hlopez7y@feedburner.com,PY7 2NU,7111 Sachtjen Pass,1-(776)710-5989206-59-6235,Wayne,Mason,wmasondf@wikimedia.org,PY7 2NU,7111 Sachtjen Pass,2-(450)142-5764878-32-2595,Anna,Chapman,achapmanb7@bloglovin.com,MX0 2PV,336 Barnett Road,4-(001)885-1322252-29-4929,Kenneth,Carroll,kcarrollh@webnode.com,MX0 2PV,336 Barnett Road,5-(428)460-1400915-74-6216,Joshua,Fields,jfieldsc4@sakura.ne.jp,ZV2 8MG,2243 Loomis Road,2-(466)849-6627209-45-4933,Gary,Ross,gross34@i2i.jp,ZV2 8MG,2243 Loomis Road,7-(469)440-8216913-31-1925,Helen,Rice,hrice12@odnoklassniki.ru,FW6 8TM,231 Dovetail Terrace,6-(264)711-7697212-34-2732,Christopher,Scott,,FW6 8TM,231 Dovetail Terrace,852-88-1263,Larry,Reed,lreed9d@nydailynews.com,RG2 6ZU,9674 Sullivan Way,7-(470)793-9822276-40-8351,Mary,Lawrence,mlawrence6j@163.com,RG2 6ZU,9674 Sullivan Way,1-(550)773-2775846-65-7776,Peter,Hicks,,VJ6 5PS,49 Banding Pass,287-46-9776,Wayne,Smith,wsmith9c@nhs.uk,VJ6 5PS,49 Banding Pass,9-(031)684-1601846-48-9238,Billy,Moore,bmoore1g@rediff.com,QX8 7KM,93795 Fremont Avenue,2-(821)181-6941288-59-8593,Roger,Brooks,rbrooksn@umich.edu,QX8 7KM,93795 Fremont Avenue,8-(036)047-4212863-96-9468,Annie,Duncan,aduncan3x@marriott.com,RG9 2IU,40930 Oakridge Terrace,8-(697)626-3419263-14-7231,Walter,Wheeler,wwheeler2b@economist.com,RG9 2IU,40930 Oakridge Terrace,6-(110)433-5109873-28-7561,Donald,Robinson,drobinson52@vk.com,KA7 0NF,4374 Sloan Circle,1-(853)159-5511256-31-7892,Christopher,Patterson,cpatterson7a@sbwire.com,KA7 0NF,4374 Sloan Circle,6-(590)488-5015883-98-9193,Kathryn,Allen,kallenca@alexa.com,QO1 2ZT,76360 Maple Crossing,7-(277)735-5232247-72-6304,Joan,Flores,jfloresba@istockphoto.com,QO1 2ZT,76360 Maple Crossing,7-(228)614-3384896-25-8370,Carlos,Matthews,cmatthews4s@utexas.edu,VX9 2GS,82027 Harbort Center,7-(968)459-9757220-58-0896,Brandon,Cook,bcook18@blog.com,VX9 2GS,82027 Harbort Center,5-(921)255-6437859-55-6280,Jack,Reyes,jreyesbl@is.gd,GH5 6MA,4956 Lakewood Gardens Junction,0-(107)633-7630271-53-9609,Carl,Lawrence,clawrence6u@hud.gov,GH5 6MA,4956 Lakewood Gardens Junction,9-(233)340-7834913-69-6997,Christopher,Oliver,coliver28@biblegateway.com,NB6 6XD,220 Merchant Terrace,6-(366)621-3760209-68-2617,Diana,Jackson,djackson7t@themeforest.net,NB6 6XD,220 Merchant Terrace,6-(705)284-6857903-87-6930,Benjamin,Willis,bwillisac@weather.com,VS4 1RL,8440 Sachs Place,4-(537)624-8286214-77-6416,Andrew,Foster,afoster97@altervista.org,VS4 1RL,8440 Sachs Place,0-(273)550-0236858-93-2794,Steven,Jackson,sjacksonbh@1688.com,EV7 7BM,802 Mendota Terrace,5-(053)588-9938272-55-4293,Philip,Shaw,pshaw81@addthis.com,EV7 7BM,802 Mendota Terrace,1-(865)002-1592848-25-8473,Harry,Jones,hjonesdg@google.com.hk,LH3 1GJ,3 Mcguire Park,7-(677)332-8403284-01-5241,Wayne,Nguyen,wnguyen7n@homestead.com,LH3 1GJ,3 Mcguire Park,6-(481)559-0270890-81-1579,John,Jacobs,jjacobs1m@apache.org,EX2 0AE,86 Springs Pass,2-(833)945-4498237-02-1263,Adam,Bradley,abradleya0@ca.gov,EX2 0AE,86 Springs Pass,8-(342)691-8174873-29-2620,Heather,Austin,haustini@unblog.fr,NY8 9ZF,704 Ilene Street,8-(412)355-2313255-89-9885,Matthew,Fox,,NY8 9ZF,704 Ilene Street,855-81-1387,Ralph,Cooper,,GY5 7OP,07 Bay Terrace,274-72-8781,Betty,Williams,bwilliamsbs@last.fm,GY5 7OP,07 Bay Terrace,9-(918)147-1451893-12-3541,Maria,Butler,,UR5 4BV,10 Fisk Junction,234-37-9132,Cheryl,Martin,cmartin71@google.it,UR5 4BV,10 Fisk Junction,5-(094)022-8985867-78-8919,Ryan,Smith,,NJ6 1VL,1181 Luster Hill,260-95-0836,Theresa,Powell,tpowell33@163.com,NJ6 1VL,1181 Luster Hill,2-(987)582-7888893-63-6176,Amanda,Alexander,aalexander9b@bbc.co.uk,BS5 2BW,95310 Vera Center,2-(580)755-7956222-79-5145,Philip,Sims,psims24@redcross.org,BS5 2BW,95310 Vera Center,6-(882)213-6063895-45-1258,Patricia,Butler,pbutlercj@exblog.jp,CQ7 0RP,5 North Hill,5-(709)582-8683220-62-1837,Victor,Harper,vharpery@prlog.org,CQ7 0RP,5 North Hill,9-(004)199-0442890-58-5813,Craig,Marshall,cmarshall8m@phpbb.com,JE4 0JH,30 Katie Park,9-(494)467-2643240-77-5251,Andrea,Moreno,amoreno6r@4shared.com,JE4 0JH,30 Katie Park,3-(885)876-7439861-75-4699,Janet,Ellis,jellis66@theglobeandmail.com,VJ4 4JX,08 Ryan Court,3-(517)562-4805266-39-6752,Joan,Shaw,jshawd9@webnode.com,VJ4 4JX,08 Ryan Court,0-(500)627-6561859-33-6845,Joshua,Mccoy,jmccoyd5@php.net,FO1 1YZ,05290 Knutson Center,3-(259)651-7024272-24-9625,Peter,Turner,pturner6o@unc.edu,FO1 1YZ,05290 Knutson Center,7-(569)979-5137861-16-2336,Patricia,Hanson,phansonby@vk.com,QF1 7TU,06082 7th Drive,6-(104)351-1749267-89-6011,Andrea,Phillips,aphillips8p@nasa.gov,QF1 7TU,06082 7th Drive,8-(574)079-6700918-23-4923,Ernest,Thompson,ethompson9y@google.com.br,VO2 7UM,37537 Thompson Street,2-(980)215-3814204-79-2659,Karen,Elliott,kelliottd7@dell.com,VO2 7UM,37537 Thompson Street,8-(657)218-7659885-46-4577,Rachel,Porter,,JF8 6CF,7610 Graceland Way,244-58-2483,Janice,Bryant,,JF8 6CF,7610 Graceland Way,900-49-2935,Frances,Chapman,fchapman17@phoca.cz,RQ5 4TW,751 Almo Circle,1-(270)056-1454215-46-0151,Kelly,Fields,,RQ5 4TW,751 Almo Circle,306-99-5229,Juan,Fuller,jfuller6l@ameblo.jp,FW6 8TM,231 Dovetail Terrace,6-(276)057-9909386-26-5935,Andrea,Hanson,,RG2 6ZU,9674 Sullivan Way,392-52-7176,William,Murray,wmurray75@etsy.com,VJ6 5PS,49 Banding Pass,2-(532)418-1286397-28-4474,Lillian,Martinez,lmartinez7s@hubpages.com,QX8 7KM,93795 Fremont Avenue,0-(990)661-7067358-19-2542,Janet,Cunningham,jcunningham83@ask.com,RG9 2IU,40930 Oakridge Terrace,9-(601)270-8329348-63-8190,Henry,Jacobs,hjacobs91@virginia.edu,KA7 0NF,4374 Sloan Circle,9-(500)342-6094335-36-7489,Denise,Brown,dbrown93@huffingtonpost.com,QO1 2ZT,76360 Maple Crossing,4-(423)602-5934318-12-3766,Tammy,Foster,tfoster95@mayoclinic.com,VX9 2GS,82027 Harbort Center,2-(452)037-4427364-47-2445,Harold,Oliver,holiver9w@hud.gov,GH5 6MA,4956 Lakewood Gardens Junction,0-(867)193-2666305-25-0352,Jason,Hamilton,jhamiltona2@angelfire.com,NB6 6XD,220 Merchant Terrace,1-(670)619-4390308-26-6839,Emily,Gutierrez,egutierrezab@yolasite.com,VS4 1RL,8440 Sachs Place,5-(583)536-4990369-63-7305,Eric,Berry,eberryad@myspace.com,EV7 7BM,802 Mendota Terrace,3-(664)506-0704391-46-9135,Andrea,George,ageorgeal@so-net.ne.jp,LH3 1GJ,3 Mcguire Park,4-(003)479-4471328-87-5383,Nancy,Hughes,nhughesar@nytimes.com,EX2 0AE,86 Springs Pass,8-(627)101-2802346-96-9018,Justin,Hunt,jhuntb0@ebay.co.uk,NY8 9ZF,704 Ilene Street,4-(393)610-3963383-09-0127,Melissa,Mills,mmillsb8@ycombinator.com,GY5 7OP,07 Bay Terrace,1-(060)256-9720323-71-3763,Patricia,Wheeler,pwheelerbn@jugem.jp,UR5 4BV,10 Fisk Junction,9-(776)276-2772351-83-4608,Andrea,Montgomery,amontgomerybq@chron.com,NJ6 1VL,1181 Luster Hill,4-(956)073-9796323-32-8478,Jeffrey,Fuller,jfullerbr@pinterest.com,BS5 2BW,95310 Vera Center,2-(163)275-9796318-22-2828,Michael,Martin,mmartinc6@ibm.com,CQ7 0RP,5 North Hill,1-(821)249-8621329-25-8167,Walter,James,wjamescl@google.ru,JE4 0JH,30 Katie Park,1-(463)289-5744358-44-8218,Edward,Green,egreencm@infoseek.co.jp,VJ4 4JX,08 Ryan Court,0-(911)214-7407367-66-5520,Donald,Johnston,djohnstoncq@indiatimes.com,FO1 1YZ,05290 Knutson Center,3-(418)613-8116358-70-5810,Carl,Fuller,cfullerd3@amazon.com,QF1 7TU,06082 7th Drive,4-(159)602-8629301-93-2650,Louis,Hughes,lhughesdk@who.int,VO2 7UM,37537 Thompson Street,1-(861)900-0459331-13-6835,Philip,Jenkins,pjenkinsdm@bbc.co.uk,JF8 6CF,7610 Graceland Way,3-(965)714-5374308-53-8009,Kenneth,Fernandez,kfernandezdp@geocities.com,RQ5 4TW,751 Almo Circle,0-(404)296-6252622-53-3302,Bonnie,Gilbert,bgilbert3b@google.pl,XJ4 4FD,82 Johnson Court,3-(462)594-5435378-88-6858,Anne,Clark,,EW3 2EN,811 Oak Terrace,330-07-1068,Marilyn,Burns,,BS2 6BU,81 Blaine Alley,400-52-2389,Irene,Hanson,ihansonl@php.net,CO9 5GE,618 Mcguire Alley,6-(988)613-8377349-76-9672,Linda,Day,ldayu@cnn.com,FY5 5RO,8869 Melody Crossing,3-(474)122-8472307-09-8719,Jennifer,Butler,jbutlerw@sogou.com,QA3 6LW,7131 Oneill Plaza,7-(258)225-1347400-15-2581,Doris,Nichols,dnichols13@cbsnews.com,NU6 6YD,30 John Wall Drive,1-(160)398-1258362-49-5861,Louis,Richards,lrichards1z@google.ca,DO2 7KT,646 Monument Lane,6-(622)025-5648367-54-3328,Amy,Murphy,amurphy2f@slate.com,YU2 4BN,21 Carioca Park,3-(199)061-3470349-36-6161,Christopher,Knight,cknight2k@jiathis.com,XT9 4NE,6 Elmside Terrace,9-(421)187-9169302-08-4754,Matthew,Howell,mhowell2m@dailymail.co.uk,HJ1 7QE,95 Declaration Road,6-(536)310-8823341-10-3619,Roy,Phillips,,OI4 3WY,096 Gina Road,383-26-3713,Jose,Green,,MV6 1CI,3 Meadow Vale Crossing,337-28-4424,Phillip,Williamson,pwilliamson3p@google.com.hk,CR6 5QA,2 Becker Point,9-(730)063-7023311-75-6483,Jessica,Kelly,jkelly3z@google.com.hk,HK7 7RE,0525 Florence Way,0-(752)850-0116335-71-7747,Brian,Morales,bmorales43@washington.edu,LP7 4XM,192 Manley Place,1-(111)459-3206370-83-8697,Donna,Rogers,drogers48@wisc.edu,WH3 4LS,3 Schiller Drive,7-(490)524-7915399-27-1032,Jeffrey,Nguyen,jnguyen4c@pcworld.com,SY7 1KU,1139 Manley Plaza,1-(630)113-4187386-78-8432,Nicholas,Barnes,nbarnes4k@ow.ly,EM3 9MF,763 Linden Hill,3-(471)183-8563314-45-9119,Virginia,Gibson,vgibson4z@shutterfly.com,BJ4 8QY,980 Shelley Court,1-(085)127-5240335-29-6415,Roy,Dean,rdean5c@webeden.co.uk,LD5 9AP,9 Del Sol Terrace,4-(403)362-7140401-01-1355,Patricia,Carr,pcarr5n@ustream.tv,ZW0 5YT,85 Fulton Crossing,4-(974)681-7909303-86-0371,Carol,Gray,cgray5r@about.me,PY7 2NU,7111 Sachtjen Pass,4-(162)691-5406338-31-6051,Diane,Bradley,dbradley60@ebay.co.uk,MX0 2PV,336 Barnett Road,2-(395)774-4367304-37-2483,Dennis,Austin,daustin67@dion.ne.jp,ZV2 8MG,2243 Loomis Road,6-(564)450-7351